,Bed,Bath,Pet,Zip,Area,Price
0,2,2,0,11221,912,6905.903885903137
1,3,1,0,10009,1200,4291.530922315832
2,3,1,0,10003,920,2665.873018222652
3,1,1,0,10010,590,2376.547204949169
4,1,1,0,10023,690,2886.762747293893
5,1,1,0,11385,750,3082.048980841256
6,2,2,0,10128,1062,7552.173508163756
7,1,1,0,10011,690,2866.2362488013987
8,1,2,0,10014,1083,8202.97330156434
9,0,1,1,10004,400,2013.154307956298
10,3,1,1,11215,950,3004.869305804803
11,1,1,1,10019,600,2740.7646747158415
12,1,1,0,10011,550,2094.4602937397976
13,1,1,1,10023,564,2521.7815020646494
14,0,1,0,10011,485,2447.697030352285
15,1,1,1,10036,550,2288.6025180155284
16,1,2,1,10011,934,8097.098463948165
17,3,2,0,11365,1375,8348.501865068516
18,3,2,1,10016,1000,6972.128330376192
19,1,1,0,10019,530,2025.2595828588446
20,0,1,0,10021,550,2662.3360914691348
21,1,1,0,10031,690,2611.707667494463
22,0,1,1,10005,535,3126.84380891632
23,1,1,1,11201,780,3720.7321464138313
24,5,5,1,11225,4500,35396.905835572834
25,0,1,0,10003,640,3257.004969629854
26,0,1,1,10463,585,3414.7939776766743
27,1,1,0,10019,700,2962.4160997193594
28,1,1,0,10128,558,1929.1914922627275
29,1,1,0,10021,569,2055.5158267649795
30,2,1,1,11206,767,2974.4536464106586
31,2,1,0,10036,700,2074.3269255071027
32,1,1,0,10013,710,2594.697084706937
33,2,2,1,10018,1021,7881.562004782212
34,1,1,1,11432,690,3286.169956494573
35,2,2,1,10069,1318,9091.878397947574
36,3,2,0,10014,1000,6322.297839567074
37,2,1,0,11102,800,2756.9650551887844
38,2,1,0,10010,850,3098.2841200296252
39,2,1,0,10009,744,2489.3076701491336
40,2,2,1,11101,970,7637.362747010549
41,2,2,1,11206,1500,10571.401904553531
42,3,2,1,10023,1501,9820.19500608654
43,2,2,1,10023,1438,10184.457113485621
44,2,1,0,11102,850,3032.5993248536415
45,1,1,1,10036,604,2586.2875292535746
46,1,1,0,10016,750,3131.3125772232434
47,1,1,1,10035,700,2918.4509414821505
48,3,3,0,10016,1550,13230.638047219494
49,2,1,0,10308,2088,9463.19507069961
50,1,1,1,11374,1025,5141.130162646115
51,2,1,0,10010,890,3318.791535761511
52,0,1,0,10022,500,2448.2813172817623
53,2,2,1,11201,1038,7987.593555563761
54,0,1,1,11101,452,2648.764422780162
55,0,1,0,10016,580,2905.7173475395302
56,2,1,0,10009,800,2798.018052173775
57,3,1,0,11220,900,2182.0370377933014
58,3,2,0,10065,1600,9810.54226227932
59,1,1,0,11419,650,2304.988958094098
60,0,1,1,10014,465,2281.1622651536354
61,0,1,0,10010,496,2569.916065156038
62,3,2,1,10021,1370,8933.821231624655
63,1,1,0,10010,850,3809.845407206427
64,0,1,0,10019,500,2571.4403082367317
65,0,1,0,10016,428,2067.789167758363
66,3,2,1,10471,1350,8593.67074064277
67,1,1,1,10036,618,2663.465124759735
68,5,2,1,10010,1350,7605.709934330058
69,1,1,0,10012,650,2255.7253617121105
70,2,2,1,10282,1160,8352.24369615859
71,2,1,0,10010,877,3247.126625648648
72,1,1,1,10036,618,2663.465124759735
73,1,1,0,10028,602,2241.539744442285
74,1,1,0,10018,710,2992.9111554613373
75,2,1,0,10016,954,3544.339110279061
76,0,1,0,10003,340,1603.1993516407092
77,1,1,0,10016,540,1973.6486446308427
78,4,1,0,11221,1200,3514.2848399630475
79,1,1,0,10013,501,1442.5458375078333
80,0,1,1,10001,516,3026.2080861421728
81,2,1,0,10010,844,3065.208007669842
82,3,1,0,10005,750,1847.7701926186055
83,0,1,0,10023,400,1999.6452704145213
84,2,1,0,10305,1000,3526.972858269797
85,4,1,0,10033,1500,5299.460048304158
86,1,1,0,11106,675,2635.7551787559787
87,3,1,1,11222,1000,3379.030768233635
88,1,1,1,10010,944,4657.654948502557
89,1,1,1,10009,745,3535.9987570454296
90,1,1,1,10009,770,3673.815891877858
91,0,1,1,10007,557,2751.381624050482
92,2,2,1,10028,1200,8712.33130163944
93,2,2,0,10007,1000,6996.911429457385
94,4,2,0,11221,1500,8724.240322808257
95,2,2,1,11206,800,6712.52212924553
96,0,1,1,10013,512,2544.3637783370996
97,0,1,0,10021,560,2717.462945402107
98,3,1,0,10026,800,1634.873798162087
99,0,1,1,10019,468,2724.6514899774193
100,2,1,0,10027,800,2568.1212690578323
101,0,1,0,10128,520,2431.2707344942373
102,1,1,1,10036,850,3942.408136004673
103,1,1,1,11249,658,2961.9732347631016
104,2,2,0,10013,900,6486.695887112659
105,1,1,0,10065,730,2881.4786796083363
106,2,2,1,11201,1200,8880.648589277898
107,0,1,1,10011,560,3190.765549175767
108,1,1,0,11209,1041,4784.7676230547
109,2,1,0,10016,890,3191.5272451080436
110,1,1,0,10009,710,3013.4376539538316
111,3,1,0,10009,1100,3740.2623829861177
112,2,1,0,11233,875,3014.4150711431093
113,0,1,1,11375,578,3265.362088064123
114,1,1,1,10023,596,2698.187434650158
115,2,2,0,11209,1300,9057.141717597928
116,2,3,1,10028,1050,11441.578357500934
117,0,1,1,10013,512,2544.3637783370996
118,1,1,0,10003,620,2435.1899745871096
119,1,1,1,10005,641,2999.6271734290167
120,1,1,0,10019,710,3017.5429536523316
121,1,1,0,10021,506,1708.216646987259
122,0,1,1,10016,440,2463.5585068041255
123,3,1,1,11207,1100,3868.7198120858648
124,3,2,0,11218,976,6309.047081384413
125,1,1,1,10065,600,2494.4466928059037
126,0,1,0,10016,472,2310.347325063438
127,2,2,0,10314,1050,7543.495479223175
128,4,2,1,10009,850,5536.296726667293
129,1,1,0,10028,710,2836.9097669183766
130,5,3,0,10022,3000,19784.488094352753
131,3,2,1,11237,850,6038.487729220646
132,1,1,0,10011,576,2237.790113965524
133,1,1,0,10017,700,2527.2543316784686
134,1,2,0,10016,890,7459.238397140911
135,0,1,0,10011,488,2464.235086532176
136,3,1,1,10013,1350,5029.310276389706
137,3,1,0,10025,1000,3090.4666508924274
138,3,1,0,10128,1250,4320.847210070751
139,2,1,0,10009,920,3459.5402993694315
140,3,1,0,10028,920,2571.451125157175
141,3,1,1,10033,1110,4190.69114642127
142,1,2,0,10011,700,6477.512967590435
143,4,2,0,11213,2200,12443.539908367296
144,1,1,0,10003,800,3427.4733453805966
145,1,1,0,10016,560,2083.902352496785
146,2,2,1,10016,920,7242.674786089221
147,2,2,0,10065,920,6773.477482014059
148,2,1,0,10017,932,3094.636055746606
149,1,1,0,10003,705,2903.7682330173675
150,0,1,1,11231,453,2580.381713600478
151,1,1,1,10036,800,3666.773866339816
152,0,1,1,11201,431,2508.3662313299283
153,3,2,0,11231,1656,10303.991130736411
154,3,2,0,10009,1200,7847.680787171899
155,0,1,0,10029,580,2786.66365628306
156,1,1,0,10012,600,1980.0910920472525
157,1,4,0,10301,2825,25267.321460772517
158,3,2,0,10010,1000,6769.775506703463
159,3,1,0,10314,1420,5315.477922710252
160,4,4,1,10019,2942,24185.239598855555
161,1,1,1,10014,859,3741.5990229359104
162,2,2,1,10023,1488,10460.091383150479
163,3,1,0,10009,1150,4015.896652650975
164,0,1,1,11109,460,2598.444012861063
165,2,1,1,10010,650,2325.364155696392
166,2,1,0,11215,1000,3662.4477483202636
167,1,1,0,10017,710,2582.3811856114407
168,3,2,0,10016,1250,8020.682564374281
169,1,1,0,10012,437,1081.5233729398178
170,2,2,0,10002,1217,8673.484224527245
171,2,1,0,11233,600,1498.4265879863942
172,0,1,0,10012,10,-560.8320028212624
173,0,1,0,10005,660,3486.3123687522666
174,1,1,1,10016,820,3846.817669080241
175,0,1,0,10017,580,2577.2933716596126
176,2,1,1,10013,750,2433.2603275882193
177,0,1,0,11221,150,572.2103257082472
178,1,1,1,10024,600,2572.4473870773836
179,2,3,1,10019,1355,13303.580589190518
180,0,1,0,10011,580,2971.402142715513
181,0,1,0,10010,580,3032.9816381929977
182,2,2,0,10016,1151,8186.487997614666
183,0,1,1,10019,412,2415.941107952779
184,1,1,0,10003,2595,13322.743626348976
185,1,1,0,10014,782,2987.5051333258334
186,1,1,1,11201,839,4045.9805846183644
187,1,1,0,10010,1800,9046.896530838716
188,1,1,0,10003,568,2148.5303341356575
189,1,2,0,10021,695,6306.264051176486
190,2,1,0,10025,756,2456.9327021047247
191,3,2,0,10021,1850,11250.29310608109
192,1,1,0,10019,710,3017.5429536523316
193,2,1,0,10463,906,3431.6263002452597
194,2,1,0,10022,300,-77.37833573127
195,2,1,0,10012,775,2233.2497486974535
196,3,1,0,10009,1245,4539.601765014204
197,0,1,0,10019,500,2571.4403082367317
198,5,4,0,11238,3600,26763.197586745082
199,0,1,0,10011,580,2971.402142715513
200,1,1,0,10012,640,2200.5985077791393
201,0,1,0,10001,460,2387.880589791336
202,2,1,0,10301,1200,4929.196814919651
203,1,1,0,10314,708,2813.5684970362854
204,0,1,1,11249,483,2708.8145781129015
205,1,1,0,10022,700,2839.25710876439
206,3,1,0,10036,1000,3016.5712563194456
207,1,1,0,10016,710,2910.8051614913584
208,4,4,0,10021,3141,24767.90839136304
209,3,2,1,11217,850,6198.594417462105
210,2,2,0,10017,1250,8403.819875671164
211,2,1,0,10028,705,2097.7850527750898
212,5,2,1,10025,2700,14924.676224326238
213,1,1,1,11367,600,2781.817671700832
214,3,1,1,11361,1200,4255.776363475621
215,2,2,1,10280,952,7328.764125307753
216,1,1,0,11223,700,2555.991429567962
217,1,1,0,10019,601,2416.6602457829413
218,2,2,1,10065,1450,10024.817854787745
219,3,2,1,10128,1252,8217.63956003961
220,2,2,0,10069,1071,7400.62799147698
221,2,1,0,10003,790,2660.7852042708237
222,1,1,1,10009,750,3563.5621840119147
223,0,1,0,10016,598,3004.9456846188787
224,1,1,0,10011,498,1807.8006532883464
225,0,1,1,10007,436,2084.3466914615274
226,0,1,1,10036,498,2713.504164740878
227,3,1,0,11233,2150,9331.527660420172
228,1,1,0,10012,640,2200.5985077791393
229,3,1,0,10009,1150,4015.896652650975
230,1,1,1,10040,620,2465.1202109228816
231,2,1,0,10305,1865,8295.44572347183
232,3,3,1,10065,1400,12593.77216280215
233,2,1,0,11375,1100,4390.244174685435
234,0,1,0,10024,585,2871.7012790285316
235,1,1,0,10128,670,2546.612256312008
236,2,1,0,10010,890,3318.791535761511
237,1,1,1,10009,325,1220.6708918606273
238,1,1,1,10009,763,3635.227094124778
239,3,2,0,10016,1250,8020.682564374281
240,1,1,0,10021,514,1752.3181301336372
241,0,1,0,10011,500,2530.3873112517413
242,2,1,0,10025,650,1872.5880504152265
243,1,1,1,11101,600,2753.0805738113386
244,1,1,0,10016,710,2910.8051614913584
245,1,1,1,10023,768,3646.369322297269
246,1,1,0,10003,699,2870.6921206575844
247,5,2,0,10312,1200,6141.292533621867
248,1,2,0,10282,860,7080.38225102005
249,1,1,1,10010,717,3406.275364224103
250,3,3,1,10023,1500,13370.832185549305
251,3,1,0,10458,775,1780.3223425260867
252,3,1,0,10162,1150,3515.0500894341003
253,3,2,0,10021,1000,6564.510521778513
254,2,1,1,11249,800,3033.213273434495
255,1,1,0,10009,690,2903.183946087889
256,3,1,0,10009,1050,3464.6281133212597
257,3,2,0,10128,1098,7039.0688951456505
258,2,2,1,10012,2000,12872.05633466872
259,0,1,1,10019,495,2873.493995596442
260,3,1,0,11205,950,2560.3037999206335
261,0,1,0,10018,580,2987.823341509509
262,2,2,0,10075,1004,7154.43706108104
263,1,1,0,10022,845,3638.596490792477
264,3,2,0,10019,1200,7851.786086870397
265,1,1,0,10009,690,2903.183946087889
266,3,3,0,10019,2600,19125.69550234247
267,2,2,1,10005,1325,9614.892560123531
268,2,1,0,10019,800,2802.123351872273
269,2,2,1,10128,1075,7953.455532602815
270,4,3,1,10019,2890,20342.430093548035
271,0,1,0,10016,580,2905.7173475395302
272,0,1,1,10024,350,1905.8373259298987
273,0,1,0,10010,600,3143.235346058941
274,3,2,1,10010,1890,12005.68262106412
275,4,2,0,10002,1150,6881.011728822734
276,1,1,0,10012,600,1980.0910920472525
277,2,2,0,10017,2016,12626.536886936781
278,1,1,0,10013,655,2291.4993880755937
279,2,2,0,10016,925,6940.621098729509
280,2,1,0,10009,875,3211.4694566710605
281,1,1,0,10028,568,2054.1084410701815
282,2,2,1,10021,1100,8156.957462611228
283,2,1,0,10025,925,3388.5765335719425
284,2,1,0,10016,895,3219.0906720745297
285,2,2,1,10036,1500,10370.242219327083
286,2,2,1,10017,1090,7851.407327069817
287,4,2,1,11249,2600,15089.074271871825
288,0,1,0,10016,580,2905.7173475395302
289,1,1,1,10019,1165,5855.431921928732
290,3,3,1,10282,1725,14311.49952105074
291,0,1,0,10025,550,2744.4420854391146
292,1,1,1,10128,846,3846.461999858504
293,1,1,0,10065,708,2760.199600955799
294,1,1,0,10017,700,2527.2543316784686
295,3,1,0,11216,900,2424.249720004741
296,2,1,0,10010,653,2012.2850975500878
297,2,2,1,10022,1250,9045.439767083284
298,2,2,0,10023,920,6999.268965431502
299,1,1,0,10036,675,2648.071077851475
300,0,1,1,10282,516,2669.0470123727628
301,2,1,0,10028,875,3034.9415696356045
302,2,2,0,10016,915,6885.494244796537
303,1,1,0,10065,580,2054.575870613764
304,0,1,0,10010,560,2922.727930327055
305,6,2,0,10006,900,3738.977931169429
306,4,2,0,10019,1250,7415.859069358452
307,1,1,0,10002,575,2289.7516243512127
308,3,2,0,10003,1100,7214.306253872204
309,1,1,0,10065,710,2771.224971742393
310,2,2,1,10065,1200,8646.646506463458
311,1,1,0,10012,638,2189.573136992545
312,1,1,0,10003,697,2859.6667498709903
313,3,2,0,10021,1175,7529.230465605513
314,1,1,0,10014,700,2535.4649310754667
315,3,2,0,10022,1250,8004.261365580285
316,0,1,0,10011,650,3357.2901202463145
317,1,1,0,10009,710,3013.4376539538316
318,2,1,0,10003,920,3377.4343053994526
319,2,1,0,10016,890,3191.5272451080436
320,2,2,0,10003,750,5996.427653395003
321,1,1,1,10011,600,2699.711677730852
322,3,3,1,10010,2354,18119.718508410064
323,1,1,1,10019,715,3374.723494945014
324,3,2,0,10003,1250,8041.209062866776
325,3,4,1,10128,2907,24453.43361565852
326,3,2,0,10473,1000,6252.507744692592
327,2,1,0,10003,748,2429.252417752343
328,4,2,0,10014,1608,8962.449271514939
329,2,1,0,10025,710,2203.3491740130557
330,4,2,0,10312,2050,11538.636405101242
331,2,1,0,10009,890,3294.159737570517
332,1,1,0,10023,550,2114.986792232293
333,3,2,0,10314,1364,8562.917405541677
334,0,1,1,10019,530,3066.4379843618426
335,0,1,0,10023,560,2881.674933342065
336,2,1,0,10028,765,2428.546176372918
337,1,1,0,10016,558,2072.876981710191
338,2,2,1,10028,1000,7609.79422298001
339,3,3,0,10019,1870,15101.435165235554
340,0,1,1,10019,465,2708.1134337975273
341,3,1,0,10010,960,2993.11822611551
342,0,1,0,10011,472,2376.0321202394216
343,2,2,1,10011,1000,7749.374412728976
344,4,4,0,10002,3100,24743.047975464306
345,0,1,1,11201,399,2331.9602987444196
346,2,2,0,10016,1210,8511.736435819195
347,1,1,0,10012,575,1842.273957214824
348,1,1,1,11209,700,3234.559018266571
349,0,1,0,10016,495,2437.1390891092724
350,1,1,0,10023,604,2412.671803470339
351,2,2,0,10280,1284,8829.358561556208
352,2,1,0,10016,920,3356.9078069069583
353,2,1,0,11209,900,3295.9176954230024
354,2,2,1,11101,1468,10382.680072872528
355,2,1,0,10128,790,2496.573216330865
356,0,1,1,10016,461,2579.324900063366
357,2,2,0,10016,920,6913.057671763025
358,3,3,1,10023,2153,16970.615747372343
359,1,1,0,10022,710,2894.383962697362
360,1,2,0,10021,695,6306.264051176486
361,1,1,0,10021,678,2656.398534634369
362,1,1,0,10003,730,3041.585367849796
363,2,1,0,10009,880,3239.0328836375465
364,3,1,0,10009,1050,3464.6281133212597
365,0,1,0,10002,400,2036.5929677010126
366,2,2,1,10016,1154,8532.643168120754
367,1,1,1,11218,600,2432.867197328419
368,1,1,1,10019,666,3104.601910673453
369,1,1,0,10016,710,2910.8051614913584
370,1,1,0,10025,690,2804.656753323914
371,2,2,1,11101,909,7301.088938019424
372,0,1,1,10128,600,3201.9026802842054
373,2,2,1,11201,1135,8522.324038713585
374,1,1,0,10128,558,1929.1914922627275
375,0,1,0,10016,540,2685.2099318076434
376,1,1,0,10011,850,3748.2659117289422
377,0,1,0,10028,470,2225.426559703862
378,0,1,0,10023,460,2330.4063940123506
379,0,1,0,10016,540,2685.2099318076434
380,1,1,1,10018,761,3603.6752248456887
381,0,1,0,10021,560,2717.462945402107
382,3,2,1,11432,1747,11246.105707712122
383,0,1,1,10019,550,3176.691692227785
384,2,2,1,11377,928,7093.827183406147
385,0,1,1,10016,494,2761.2435180421717
386,1,1,0,11226,500,1605.3504397529941
387,3,2,1,10012,2500,14916.837744140495
388,2,2,0,10016,700,5700.266885237652
389,0,1,1,11249,430,2416.6422522681523
390,2,1,0,11102,950,3583.8678641833567
391,2,2,0,10016,701,5705.779570630948
392,3,1,0,10469,1500,5855.019946937999
393,2,2,1,11216,1008,7616.948008839898
394,5,2,1,10455,2646,14216.461243238296
395,3,2,1,10024,1700,10769.428610206709
396,4,2,1,10014,1359,7919.407722910146
397,1,1,0,10128,538,1818.937784396785
398,0,1,0,10003,620,3146.7512617639113
399,1,1,1,10034,750,3493.772089137432
400,2,1,1,10003,650,2218.626363535419
401,1,1,0,10022,710,2894.383962697362
402,5,2,0,11238,1100,5869.184373790082
403,2,2,1,10010,1530,10732.677166653948
404,1,1,0,10301,1100,5089.489562766739
405,2,1,1,11222,800,2988.0549767510065
406,1,1,0,10023,738,3151.371646172156
407,1,1,0,10005,995,4621.50068833001
408,3,1,0,11235,1400,5307.8567073067825
409,2,1,0,10023,750,2505.9625837149206
410,1,1,1,10282,810,3578.2152308253235
411,1,1,1,10018,724,3399.705865293694
412,0,1,0,10012,510,2195.510693827311
413,2,1,0,10003,1100,4369.7176761929395
414,2,1,0,10467,100,-1397.4962984111448
415,3,2,1,10019,1600,10386.477358515453
416,1,1,0,10022,620,2398.2422773006183
417,0,1,1,10024,650,3559.6429439190433
418,1,1,0,10024,650,2518.4645424160444
419,1,1,0,10012,700,2531.3596313769676
420,0,1,0,10002,402,2047.6183384876067
421,1,1,1,10001,686,3251.8033158258877
422,1,1,1,10075,785,3432.187496595897
423,1,1,0,10282,720,2752.4564311023823
424,1,1,0,10019,650,2686.7818300545023
425,1,1,0,10023,600,2390.62106189715
426,1,1,0,10016,680,2745.4245996924437
427,1,1,0,10010,589,2371.034519555871
428,0,1,0,10016,580,2905.7173475395302
429,2,2,0,10128,1113,7833.320463221909
430,1,1,1,10005,760,3655.6367352313773
431,0,1,0,10012,470,1975.0032780954252
432,1,1,1,11101,400,1650.5434951519092
433,2,1,0,10029,3995,20189.36170003922
434,2,1,0,10128,800,2551.700070263836
435,1,1,0,10022,700,2839.25710876439
436,2,1,0,10029,690,1969.936475192144
437,1,1,1,11213,600,2531.394390092394
438,3,3,0,10030,3200,21989.93437088287
439,1,1,0,10031,601,2121.078667491016
440,1,1,1,10463,850,4164.094319723617
441,0,1,0,10028,520,2501.06082936872
442,1,1,1,10019,604,2762.8154162890296
443,2,2,1,11218,900,6931.261392996828
444,3,2,1,10016,1200,8074.6654090356205
445,0,1,0,11432,477,2493.9121405728847
446,2,1,1,10458,650,2132.415069866941
447,4,2,0,10027,2400,13521.445188835733
448,0,1,1,10065,585,3123.317699083247
449,3,1,0,10016,960,2865.8539354620425
450,1,1,1,10016,865,4094.888511778613
451,2,2,1,11101,909,7301.088938019424
452,1,1,1,10029,500,1963.7046519686837
453,1,1,0,10010,600,2431.6740588821394
454,1,1,0,10009,690,2903.183946087889
455,3,2,0,10009,900,6193.875169182753
456,1,1,1,11238,800,3835.0911539782737
457,2,2,1,11201,1135,8522.324038713585
458,0,1,0,10005,560,2935.0438294225514
459,0,1,0,10016,580,2905.7173475395302
460,2,1,0,10011,1100,4414.875972876428
461,2,1,0,10027,1020,3780.912055583204
462,1,1,0,10005,710,3050.385351240323
463,1,1,1,10014,750,3140.716315066521
464,0,1,1,10011,575,3273.455830075225
465,6,6,0,10014,5900,45424.37186461696
466,0,1,0,10016,600,3015.9710554054727
467,0,1,0,10028,705,3520.907627128692
468,0,1,1,10001,520,3048.258827715362
469,1,1,1,10075,706,2996.685350525422
470,1,1,0,10013,504,1459.0838936877244
471,1,1,1,11415,800,3564.1413738773417
472,1,1,1,10014,501,1768.0576521355306
473,3,3,0,10013,2328,17203.399206420254
474,0,1,0,10018,398,1984.5145999294282
475,4,1,1,10029,900,2034.0949477571394
476,4,3,1,11213,2200,16329.30688754956
477,1,1,0,10021,690,2722.550759353935
478,1,1,1,10021,725,3245.111862445532
479,1,1,0,10024,710,2849.2256660138737
480,2,2,1,11249,1038,7901.382261895284
481,3,3,0,10023,2086,16271.648711695241
482,3,2,0,10016,1250,8020.682564374281
483,1,2,0,10023,822,7170.587084065184
484,5,5,1,10022,4473,35346.59052271778
485,1,1,0,10011,576,2237.790113965524
486,2,2,0,10007,1000,6996.911429457385
487,1,1,0,11233,920,3974.047201018283
488,3,1,0,11233,156,-1660.7670138143412
489,2,1,1,11216,680,2252.637334982366
490,3,2,0,10016,1250,8020.682564374281
491,2,2,0,10023,920,6999.268965431502
492,1,1,1,10280,710,3150.1056824505777
493,2,2,0,11694,1000,7157.018117698844
494,3,2,1,11212,1000,6803.811042737732
495,0,1,0,10021,565,2745.026372368592
496,0,1,0,10065,580,2766.1371577905647
497,0,1,0,10016,550,2740.3367857406156
498,2,2,1,10128,965,7347.06013934013
499,0,1,0,10014,580,2585.5039710566107
500,2,1,0,10029,920,3237.854115650488
501,0,1,0,10282,580,2692.241763217584
502,2,1,0,10003,920,3377.4343053994526
503,1,1,0,10016,750,3131.3125772232434
504,1,1,1,11222,700,3148.347724598093
505,2,3,1,10065,1900,16061.676146627527
506,1,1,1,11238,680,3173.568906782615
507,0,1,0,11373,544,2818.1037652403047
508,0,1,0,10023,500,2550.9138097442365
509,0,1,0,10010,541,2817.986907854409
510,1,1,1,10005,698,3313.850240846954
511,3,1,0,10009,911,2698.3648436529566
512,2,2,1,10018,1084,8228.861184559933
513,4,2,0,10301,2500,14228.715116708408
514,2,1,0,10128,750,2276.065800598978
515,1,1,0,10014,710,2590.591785008439
516,0,1,0,10022,518,2547.5096543611107
517,1,1,0,10003,630,2490.316828520081
518,1,1,1,10038,1082,5365.036636697076
519,3,2,1,10016,1200,8074.6654090356205
520,2,1,1,10009,750,2852.000896835114
521,1,1,0,10012,500,1428.8225527175382
522,1,1,0,10019,686,2885.238504213199
523,1,1,1,10036,900,4218.04240566953
524,1,1,0,10075,552,1818.1146856314645
525,3,1,0,10029,1250,4345.479008261745
526,3,3,1,11249,1765,14753.693120501572
527,1,1,0,10128,600,2160.7242787812083
528,2,1,1,10003,475,1253.906419708419
529,2,1,1,11210,950,3667.166996599616
530,1,1,0,10016,710,2910.8051614913584
531,4,4,0,10019,3703,28050.776068828487
532,3,1,0,10005,1200,4328.478619602322
533,1,1,1,11374,571,2638.3709940892095
534,3,1,0,10471,1220,3991.2546603318788
535,1,1,0,10021,569,2055.5158267649795
536,1,1,1,11249,690,3138.3791673486103
537,1,2,1,10014,1400,10280.111685565735
538,1,1,0,10462,700,2826.941209668894
539,3,2,1,10013,2017,12262.42129857497
540,2,2,0,10016,600,5148.998345907936
541,4,1,0,11379,1250,3527.17992892397
542,2,2,1,11231,1627,11185.301655833791
543,2,2,0,10003,1200,8477.136080378721
544,1,1,0,10001,750,3274.998066670707
545,0,1,0,10003,580,2926.2438460320245
546,3,1,0,11220,1100,3284.5741164527317
547,1,1,1,11222,636,2795.5358594270747
548,2,1,0,10005,910,3441.3611427229516
549,2,1,0,11378,1000,3424.340365807324
550,2,1,0,10014,695,1796.3402169321798
551,3,2,1,11432,1747,11246.105707712122
552,0,1,0,10012,550,2416.018109559198
553,2,1,0,10025,860,3030.251983007627
554,2,2,0,11432,5000,29560.815464958345
555,1,1,0,10028,771,3173.183575909503
556,2,1,0,11102,850,3032.5993248536415
557,4,4,1,10028,2303,20482.000445804726
558,1,1,1,11206,854,4165.618562804311
559,1,1,0,10022,715,2921.9473896638483
560,0,1,1,10001,386,2309.558985013544
561,2,2,0,10128,1600,10517.99824975762
562,0,1,0,10022,452,2183.6724184034993
563,2,1,0,10036,950,3452.49827383139
564,1,2,0,10014,1364,9752.03789708084
565,2,2,1,10128,1150,8366.906937100102
566,0,1,0,10016,2250,12111.901954345767
567,1,1,0,10023,600,2390.62106189715
568,2,1,1,10075,900,3354.5850296482677
569,1,1,0,10014,700,2535.4649310754667
570,5,2,0,10001,2500,13632.102221089575
571,1,1,0,11691,516,1919.344889463191
572,3,1,0,10022,890,2463.544759137246
573,2,1,0,10012,750,2095.432613865023
574,1,1,1,11201,630,2893.82933741926
575,3,1,0,11366,1600,6217.444700136763
576,3,2,0,10011,1560,9795.29983147238
577,1,1,1,10019,810,3898.428607308243
578,0,1,0,11432,365,1876.4913765236042
579,2,2,0,10011,800,6317.220219743351
580,1,1,0,10016,680,2745.4245996924437
581,2,1,0,10021,800,2617.38486543982
582,2,2,0,10007,1000,6996.911429457385
583,2,2,0,10019,1466,10029.72168866424
584,3,2,1,11249,1388,9119.260862372483
585,2,1,0,11214,900,2942.8619213520906
586,4,3,0,10013,3532,23129.111132773214
587,1,1,1,11415,800,3564.1413738773417
588,2,2,1,11217,920,7296.043682169708
589,3,2,0,10003,960,6442.530298810603
590,1,1,1,10023,974,4781.982513316481
591,3,2,0,11377,2186,12987.607006670962
592,1,1,0,10036,600,2234.619673354189
593,0,1,1,10007,557,2751.381624050482
594,1,1,1,10002,420,1764.9025027163516
595,2,1,0,10016,895,3219.0906720745297
596,2,2,1,10001,1783,12143.807769952124
597,1,1,0,10003,730,3041.585367849796
598,2,1,1,10007,762,2458.359555322795
599,2,1,0,10022,892,3186.1314171006416
600,1,1,0,10065,700,2716.0981178094216
601,0,1,0,10038,550,2814.2321803135974
602,2,2,1,10013,1819,11882.470877878935
603,1,2,1,11216,680,6520.348487015235
604,1,1,0,10025,710,2914.9104611898565
605,1,1,0,10028,600,2230.51437365569
606,0,1,0,10014,625,2833.5748137549817
607,3,3,1,10006,2309,17526.80249103778
608,3,1,1,10032,1100,3811.24561630688
609,1,1,1,10001,1130,5699.4356304498215
610,5,5,0,10013,8040,54381.03532829209
611,2,1,0,10016,890,3191.5272451080436
612,1,1,0,10005,720,3105.512205173294
613,1,1,0,10032,600,2148.4083796857103
614,2,2,1,10028,840,6727.764560052467
615,3,1,0,10028,1150,3839.368765615519
616,4,2,0,10013,3157,17505.704245430723
617,1,1,1,10001,956,4740.228372016118
618,1,1,0,10452,448,1425.4285914625161
619,2,2,0,11355,1100,8040.815932606976
620,0,1,0,10016,575,2878.153920573044
621,2,1,0,10016,600,1592.8484810518703
622,3,3,0,10016,1775,14470.992260711348
623,2,1,0,10036,970,3562.7519816973327
624,0,1,1,11211,442,2589.532269148691
625,2,2,0,10280,1090,7759.8975952565615
626,0,1,1,10463,340,2064.186056318873
627,2,1,1,11102,1100,4740.387787504127
628,2,2,1,10003,1300,9358.021734034632
629,0,1,0,10065,480,2214.8686184608505
630,2,1,1,11370,850,2869.5804753599623
631,1,1,0,10128,648,2425.3331776594714
632,2,2,0,10019,920,7019.795463923998
633,3,2,0,10025,1550,9678.593482061926
634,0,1,0,10024,250,1024.9516722739863
635,0,1,0,11355,544,2842.735563431299
636,2,1,0,11228,1000,3485.9198612848077
637,1,1,0,10022,845,3638.596490792477
638,2,3,1,10013,2400,18641.490956240646
639,3,1,1,11226,1500,6024.530373022735
640,4,4,1,10017,3814,28557.13949376978
641,3,3,1,10022,2450,18505.250816719126
642,1,1,0,10009,690,2903.183946087889
643,3,5,1,11221,800,16574.98854357145
644,1,1,1,10027,2456,12738.306681860908
645,0,1,0,10023,560,2881.674933342065
646,1,1,1,10036,683,3021.7896753240493
647,2,1,1,10065,1000,3987.959562947962
648,2,1,0,10016,895,3219.0906720745297
649,2,3,1,10021,1650,14745.084293780725
650,0,1,0,10016,470,2299.321954276844
651,5,4,1,10075,2000,17952.304695312923
652,1,1,0,10016,701,2861.190992951684
653,2,1,0,10002,1280,5464.6335394489
654,2,1,0,10016,600,1592.8484810518703
655,3,3,1,10069,1720,14152.56650373229
656,0,1,0,10016,560,2795.463639673587
657,1,1,1,10001,580,2667.4586641363894
658,0,1,0,10065,485,2242.4320454273366
659,2,1,1,10016,820,3135.2563819034403
660,4,4,1,10065,2500,21502.314673108278
661,1,1,0,10028,690,2726.656059052433
662,3,1,1,11216,950,3029.5011039957963
663,2,2,0,10128,1350,9139.826901433335
664,0,1,1,11101,443,2599.150254240488
665,0,1,0,10012,580,2581.3986713581116
666,1,1,0,10019,588,2344.995335670079
667,3,3,1,10007,1800,14581.265436100563
668,1,1,0,10028,680,2671.529205119462
669,2,2,1,10004,2500,15722.82092438277
670,2,1,0,11208,900,2963.3884198445858
671,2,2,1,10016,700,6029.883999563848
672,1,1,0,11355,750,3266.787467273709
673,2,2,1,10028,860,6838.018267918411
674,1,1,1,10001,822,4001.5285293143006
675,2,1,0,10128,1000,3654.2371489232655
676,2,1,0,10301,1500,6583.0024329087955
677,1,1,0,10009,525,1993.5908561938595
678,0,1,0,10010,550,2867.601076394084
679,3,2,0,10017,1200,7416.624318829505
680,2,2,0,10012,1090,7525.895512442119
681,1,1,0,10128,522,1730.7348181040306
682,3,1,0,10010,1050,3489.259911512254
683,2,1,1,10024,841,3189.443279685196
684,3,1,1,10009,1000,3518.6109579825998
685,1,1,0,10003,640,2545.443682453053
686,1,1,0,10019,685,2879.725818819903
687,0,1,0,10462,560,2766.7265417840936
688,3,3,0,10469,1000,10210.976980001557
689,1,1,1,10016,645,2882.0977252532402
690,0,1,0,10010,580,3032.9816381929977
691,0,1,1,10011,600,3411.2729649076537
692,3,3,0,10065,1700,13917.9606664651
693,3,1,0,10029,1100,3518.5761992671733
694,3,4,1,10016,3000,25109.798846682617
695,2,2,1,11201,1141,8555.400151073367
696,2,2,1,11201,1141,8555.400151073367
697,2,2,1,10036,929,7222.4988597544125
698,2,1,0,10009,927,3498.1290971225117
699,2,2,1,10280,1306,9280.254754534944
700,0,1,0,10065,600,2876.390865656508
701,1,1,0,10022,688,2773.1048840448248
702,1,1,1,11432,690,3286.169956494573
703,2,2,1,10282,1358,9443.755404031424
704,1,1,0,10016,682,2756.449970479038
705,1,1,1,10009,748,3552.5368132253207
706,3,2,0,10009,850,5918.240899517896
707,3,2,0,10016,1000,6642.511216049994
708,2,1,0,10019,946,3606.975419293656
709,3,1,0,10005,750,1847.7701926186055
710,0,1,1,10005,391,2333.017112281531
711,3,2,0,10471,1850,11020.396322965149
712,4,2,0,10001,1200,7177.172496980085
713,3,2,0,10002,1150,7592.573015999536
714,3,2,0,10009,1200,7847.680787171899
715,1,1,0,10010,593,2393.0852611290593
716,2,2,0,10016,700,5700.266885237652
717,0,1,0,10016,540,2685.2099318076434
718,1,1,1,11217,725,3376.4814527974986
719,2,2,1,11201,1200,8880.648589277898
720,0,1,0,10016,585,2933.2807745060154
721,2,2,1,11201,1706,11670.067398286254
722,1,1,0,10016,710,2910.8051614913584
723,2,1,0,10469,2200,10425.461009422805
724,2,2,1,10019,2000,13303.112803011114
725,1,1,0,10128,688,2645.8405933913564
726,2,1,1,10075,850,3078.9507599834105
727,0,1,0,10019,385,1937.4814880075592
728,3,2,1,11249,1693,10800.629907328112
729,2,1,1,11222,850,3263.6892464158636
730,0,1,1,10280,570,3089.8910145657783
731,2,1,0,10003,350,235.20363122007802
732,1,1,0,10022,710,2894.383962697362
733,0,1,0,10022,580,2889.296148745534
734,1,1,0,10128,522,1730.7348181040306
735,1,1,0,10016,492,1709.0397457525796
736,1,1,0,10024,500,1691.5617334214721
737,0,1,0,10019,580,3012.4551397005034
738,0,1,1,10014,500,2474.106253919035
739,3,1,0,10009,1050,3464.6281133212597
740,0,1,1,10003,600,3366.114668224165
741,0,1,0,10021,550,2662.3360914691348
742,2,2,1,10038,1206,8893.198203145188
743,2,2,0,10040,1200,8177.449202388296
744,0,1,0,10010,550,2867.601076394084
745,3,2,0,10028,1000,6568.615821477013
746,4,1,0,10010,1350,4431.504242324597
747,1,1,1,10016,685,3102.605140985126
748,4,3,0,10022,1300,11124.484212924406
749,2,1,0,10016,1200,4900.459717030159
750,1,1,0,10010,544,2122.9636768575
751,0,1,0,10014,600,2695.757678922553
752,2,1,1,10019,697,2563.9338706888648
753,1,1,0,10016,710,2910.8051614913584
754,1,1,1,10019,640,2961.2720904477274
755,0,1,1,10001,453,2678.9089063644533
756,0,1,0,10019,600,3122.708847566446
757,4,2,0,10017,1500,8358.868649641849
758,2,1,0,10009,820,2908.2717600397173
759,3,2,0,10016,1000,6642.511216049994
760,3,1,0,10016,750,1708.19000286964
761,0,1,0,10021,565,2745.026372368592
762,1,1,0,10003,750,3151.8390757157385
763,1,1,1,11215,750,3325.454801498974
764,0,1,0,10019,398,2009.1463981204215
765,0,1,0,10128,444,2012.3066446036537
766,0,1,0,10022,580,2889.296148745534
767,2,1,1,10128,850,3156.9514542548905
768,1,1,1,10014,831,3587.2438319235907
769,2,2,1,11101,1465,10366.142016692636
770,2,2,1,11201,1100,8329.380049948184
771,2,1,0,10075,800,2473.699375992356
772,2,1,1,10019,919,3787.7500280008317
773,0,1,0,10019,600,3122.708847566446
774,0,1,0,10016,575,2878.153920573044
775,2,1,1,11201,1020,4332.215353628346
776,2,1,0,10452,600,1551.7954840668808
777,2,1,1,10462,900,3547.534115477719
778,3,2,0,10014,1010,6377.424693500045
779,1,1,1,11235,800,3752.9851600082948
780,1,1,1,10025,726,3332.730541808808
781,1,1,0,10014,500,1432.9278524160372
782,0,1,0,10012,580,2581.3986713581116
783,1,1,0,10029,450,1358.4532679776294
784,1,1,0,10019,610,2466.2744143226164
785,2,2,1,10021,1230,8873.606563739857
786,3,2,1,11217,950,6749.8629567918215
787,1,2,1,10012,1800,12481.080543186094
788,2,1,0,10011,906,3345.415006576781
789,1,1,1,10003,1000,4859.627538366223
790,3,3,1,10002,1487,13336.114972722935
791,1,1,0,10016,643,2541.455240140449
792,3,2,0,10035,750,4997.4953873232735
793,1,1,0,10012,600,1980.0910920472525
794,0,1,0,10040,560,2516.3032601756568
795,0,1,0,10013,510,2203.721293224309
796,2,2,1,10282,1200,8572.751111890477
797,3,1,0,11220,900,2182.0370377933014
798,3,2,1,11216,1600,10168.896474495008
799,3,1,0,10012,900,2210.7741356827946
800,2,2,1,10011,1300,9403.180030718122
801,1,1,1,10036,618,2663.465124759735
802,0,1,1,11372,480,2425.4320415305774
803,3,1,0,11379,1040,3081.077283508371
804,0,1,1,11213,500,2691.6871379394806
805,1,1,0,10011,1200,5677.705799382944
806,2,1,1,10010,950,3979.1697736855376
807,1,1,0,10010,502,1891.4308903390192
808,2,1,0,10014,950,3202.0749922229534
809,3,1,1,11209,1200,4567.779140561543
810,2,1,0,10013,935,3123.490011021995
811,1,1,0,10016,710,2910.8051614913584
812,1,1,1,10036,680,3005.2516191441573
813,0,1,1,10022,580,3218.9132630717304
814,2,1,0,10003,1168,4744.580282937146
815,2,1,0,11102,800,2756.9650551887844
816,2,1,1,11377,1392,6095.563341039957
817,6,7,1,10022,8139,61956.83361708046
818,1,1,0,10022,710,2894.383962697362
819,1,1,1,10006,684,2879.5115715713837
820,0,1,0,10010,1025,5486.126638210229
821,3,2,0,10021,1000,6564.510521778513
822,0,1,1,11235,507,2849.329626949031
823,2,2,1,10018,1637,11277.376207053256
824,1,1,0,11201,554,2145.24813320248
825,0,1,1,11206,400,2374.420681424208
826,2,2,0,10021,1018,7375.300146034664
827,5,5,1,10028,6700,47565.86669781154
828,1,1,0,10034,750,3164.1549748112357
829,2,2,0,10011,1288,9007.410691672358
830,1,1,1,10011,600,2699.711677730852
831,5,1,0,10009,1200,2868.4083479622295
832,2,1,0,10012,810,2426.1937374628524
833,3,1,0,11211,700,1547.5041247627541
834,2,1,0,11355,850,3106.4947194266233
835,2,1,0,11214,900,2942.8619213520906
836,0,1,0,10016,550,2740.3367857406156
837,1,1,0,10002,710,3033.9641524463277
838,1,1,0,10128,600,2160.7242787812083
839,0,1,0,10024,660,3285.1526835258173
840,0,1,1,11217,300,1745.151447823012
841,3,3,0,10013,2400,17600.312554737648
842,2,2,1,10301,1000,7712.426715442485
843,2,1,0,11373,800,2806.228651570773
844,2,2,0,10128,920,6769.372182315561
845,3,1,1,11236,1100,3815.350916005378
846,2,1,0,10016,600,1592.8484810518703
847,1,1,0,10034,642,2568.7849523351433
848,0,1,0,11221,700,3604.1872920216783
849,3,1,0,10465,1990,8149.811119502203
850,3,1,0,10014,1100,3317.416514040724
851,4,1,0,10038,2200,9063.917930546686
852,3,1,1,10465,2914,13573.149537234967
853,1,1,1,10028,650,2835.7657576467445
854,1,1,0,10075,640,2303.2310002416125
855,0,1,0,10028,470,2225.426559703862
856,0,1,0,10016,600,3015.9710554054727
857,3,3,1,10069,1877,15018.058110479942
858,3,3,1,10028,1523,13337.517261353682
859,0,1,1,11235,540,3031.248244927837
860,3,2,1,10461,1600,10370.056159721456
861,1,1,0,10017,710,2582.3811856114407
862,1,1,0,10023,508,1883.4540057138129
863,1,1,1,10016,710,3240.4222758175547
864,1,1,0,10011,701,2926.875788127667
865,2,2,1,11216,1275,9088.835008850238
866,0,1,0,10028,535,2583.7511102681765
867,1,1,0,10128,680,2601.73911024498
868,3,2,1,10011,2030,12715.879080648236
869,1,1,0,10017,710,2582.3811856114407
870,1,1,0,10014,710,2590.591785008439
871,2,1,0,11367,900,3394.4448881869776
872,2,1,0,10017,700,1815.6930445016678
873,2,1,0,10021,1100,4271.190483428964
874,2,1,0,10075,790,2418.572522059385
875,2,2,0,10011,1228,8676.649568074528
876,1,1,0,10021,1102,4993.77714139236
877,1,1,0,10019,711,3023.0556390456277
878,0,1,0,10021,580,2827.7166532680494
879,2,1,0,10454,600,1182.3185112019737
880,2,1,1,10280,800,2934.68608067052
881,1,1,0,10128,700,2711.9928181109226
882,2,1,0,11367,850,3118.8106185221204
883,2,1,0,11221,900,3283.6017963275053
884,3,4,1,10013,3347,26706.592601372307
885,3,1,0,10312,2015,8501.103838656578
886,3,2,0,10016,1000,6642.511216049994
887,0,1,0,10014,600,2695.757678922553
888,4,3,1,10023,2740,19495.00078606097
889,3,1,0,10463,900,2686.988900708675
890,3,4,1,10022,4200,31708.6001198452
891,1,1,0,10010,690,2927.8157442788834
892,1,1,1,10075,811,3575.5173168216224
893,1,1,0,10014,648,2248.8052906240155
894,1,1,0,10003,710,2931.3316599838527
895,0,1,0,10014,700,3247.0262182522683
896,0,1,0,11385,71,50.496885969294
897,0,1,1,11432,557,3264.5440863628537
898,1,1,1,10021,650,2831.6604579482455
899,2,1,0,10023,850,3057.2311230446358
900,2,1,0,10024,790,2578.6792103008447
901,0,1,1,10021,560,3047.0800597283032
902,0,1,0,10021,500,2386.7018218042776
903,1,1,0,10452,415,1243.5099734837095
904,1,1,1,10128,600,2490.3413931074047
905,0,1,1,10010,497,2905.045864875532
906,2,1,0,10459,750,2214.4863051214934
907,1,1,1,10007,716,2916.337314407928
908,0,1,1,11691,488,2806.1680999538694
909,1,2,1,10028,1050,8596.98977982167
910,1,1,1,11201,663,3075.7479553980647
911,1,1,0,11230,650,2740.150726134989
912,2,2,0,10128,1258,8632.659845249997
913,0,1,0,10003,580,2926.2438460320245
914,2,1,0,10003,1002,3829.4745076498184
915,1,1,0,10003,661,2661.2100757122935
916,2,1,1,11215,850,3165.1620536518885
917,1,1,0,10003,558,2093.403480202687
918,1,1,1,10019,787,3771.6368432624085
919,3,3,0,10014,3300,22557.62410900658
920,2,1,0,10013,904,2952.5967638297825
921,0,1,0,10019,580,3012.4551397005034
922,3,1,0,10010,960,2993.11822611551
923,0,2,0,10013,1100,9012.355540125693
924,4,3,0,10128,1400,11548.488461600653
925,1,1,0,10014,1000,4189.270549064611
926,3,1,1,10034,1100,4000.089402437832
927,1,1,0,11238,700,2954.2055003223613
928,2,2,1,10024,1004,7644.160863648696
929,2,2,0,10016,701,5705.779570630948
930,1,1,0,10021,748,3042.2865121651685
931,1,1,0,10014,1142,4972.071874912806
932,3,3,1,10022,2621,19447.920018972938
933,0,1,0,10036,560,2725.673544799105
934,1,1,1,10128,600,2490.3413931074047
935,2,2,1,10036,1200,8716.43660133794
936,1,1,0,10009,610,2462.1691146241174
937,1,1,0,10128,700,2711.9928181109226
938,2,2,1,10036,1000,7613.89952267851
939,0,1,1,10017,575,2879.3470590193238
940,3,1,0,11212,900,2366.7755242257554
941,1,1,0,10021,650,2502.0433436220483
942,3,2,0,10128,1150,7325.7285355971035
943,1,1,0,10065,480,1503.3073312840497
944,2,1,0,10016,905,3274.2175260075
945,1,1,0,10028,710,2836.9097669183766
946,2,2,1,10036,980,7503.645814812568
947,3,2,0,10028,1400,8773.689978795872
948,3,3,1,10019,1589,13881.987684045249
949,1,1,0,10024,550,1967.1960030863302
950,2,1,0,10075,868,2848.5619827365617
951,1,1,0,10128,500,1609.4557394514932
952,0,1,0,10022,540,2668.788733013648
953,0,1,0,10016,580,2905.7173475395302
954,1,1,0,10025,500,1757.2465285974558
955,3,2,0,10009,1150,7572.046517507042
956,3,1,0,10128,1254,4342.897951643939
957,2,1,1,11213,860,3253.131305172852
958,0,1,0,10128,500,2321.017026628295
959,0,1,1,10003,420,2373.831297430678
960,0,1,0,10021,485,2304.0115409048203
961,1,1,1,10001,591,2728.0982034626577
962,1,1,0,11415,700,2683.2557202214293
963,1,1,0,10002,500,1876.3002198539261
964,2,1,0,10009,820,2908.2717600397173
965,3,2,1,10463,900,6572.755879890938
966,3,1,0,10005,1100,3777.210080272608
967,3,3,1,11367,3100,22252.70831030223
968,1,1,0,10002,696,2956.7865569401674
969,2,1,0,10005,895,3358.6708618234943
970,0,1,0,10013,455,1900.523596592966
971,3,3,1,10019,4075,27586.52357178196
972,0,1,0,10010,560,2922.727930327055
973,0,1,0,10003,580,2926.2438460320245
974,3,2,0,10011,1350,8637.63589887998
975,1,1,0,10019,830,3679.065200847989
976,1,1,0,10017,680,2417.000623812526
977,0,1,0,10019,450,2295.8060385718736
978,1,1,1,11211,700,3300.2438134425547
979,1,1,1,10022,831,3891.036009612515
980,1,1,0,10022,540,1957.2274458368465
981,0,1,0,11435,500,2222.489833864319
982,1,1,0,10005,600,2443.9899579776365
983,1,1,0,10462,620,2385.926378205122
984,2,1,0,11215,1100,4213.716287649979
985,4,2,0,10010,1250,7436.385567850946
986,0,1,1,10010,669,3853.227752522642
987,3,2,0,10036,1100,7123.989660505227
988,1,1,0,10011,690,2866.2362488013987
989,0,1,0,10014,580,2585.5039710566107
990,2,1,0,10016,775,2557.568424878871
991,1,1,1,10001,635,2970.6563607677326
992,1,1,0,10010,650,2707.3083285469975
993,2,2,0,10024,1600,10600.104243727601
994,4,2,1,11101,1433,8766.613509753524
995,5,6,1,10036,4000,36241.87130046381
996,1,2,0,10021,695,6306.264051176486
997,0,1,0,10028,550,2666.4413911676347
998,0,1,0,11211,85,291.88646941541265
999,1,1,1,10017,1100,5061.945603323526
1000,1,1,0,10014,575,1846.3792569133238
1001,2,2,1,10022,1380,9762.088868211913
1002,1,1,0,10005,855,3849.724733268409
1003,1,1,0,10003,654,2622.6212779592133
1004,2,1,0,10016,710,2199.2438743145567
1005,2,2,0,10282,925,6727.145514407563
1006,2,1,0,10028,860,2952.251288736147
1007,3,2,0,10003,960,6442.530298810603
1008,1,1,1,10003,603,2671.0914372272546
1009,1,1,1,10025,550,2362.49791258851
1010,4,3,0,10024,2900,19899.622545516355
1011,2,2,1,10128,1200,8642.54120676496
1012,0,1,0,10033,400,2081.751264384501
1013,2,2,0,10022,932,6962.788697688593
1014,3,1,0,11220,1250,4111.476925447303
1015,4,3,1,10028,2100,15806.775446109335
1016,1,1,1,10011,890,4298.390441787025
1017,1,1,0,10003,660,2655.6973903189955
1018,2,1,0,10014,1400,5682.783419206669
1019,2,2,1,10065,1609,10901.33483232199
1020,1,1,1,11201,731,3450.610562142272
1021,3,2,1,10280,1206,8017.4249280284275
1022,4,2,1,11211,880,5713.993187561704
1023,3,2,1,10016,1050,7247.762600041049
1024,2,2,0,10013,1440,9463.545999493119
1025,3,2,1,10128,1356,8790.958840942512
1026,1,1,0,10019,800,3513.6846390490746
1027,0,1,1,10022,397,2210.0918360983524
1028,2,1,0,10001,748,2552.411408707312
1029,1,1,0,10009,710,3013.4376539538316
1030,1,1,0,10019,750,3238.0503693842165
1031,2,2,1,11210,800,6396.41405246111
1032,1,1,0,10003,450,1498.0334577265949
1033,2,2,1,11101,1089,8293.372308812908
1034,4,3,0,10471,2224,15926.729237737545
1035,1,1,1,10018,668,3090.9954832690537
1036,1,1,0,10016,750,3131.3125772232434
1037,5,2,0,10019,3000,16351.49722045166
1038,1,1,0,10024,650,2518.4645424160444
1039,1,1,1,10001,568,2601.306439416823
1040,4,5,1,10019,3603,31385.274508681032
1041,1,1,0,10016,710,2910.8051614913584
1042,4,4,1,10006,2669,22355.95781030402
1043,1,1,0,10024,548,1956.1706322997352
1044,0,1,0,10011,580,2971.402142715513
1045,0,1,0,10128,540,2541.52444236018
1046,2,2,1,10018,997,7749.257555343082
1047,1,1,1,10005,662,3115.393566688257
1048,1,1,0,10010,700,2982.9425982118546
1049,1,1,0,10011,557,2133.049091492878
1050,1,1,0,10021,710,2832.8044672198776
1051,3,2,1,10016,1100,7523.396869705906
1052,0,1,1,10018,421,2440.92347830146
1053,0,1,1,10037,305,1698.8194802165162
1054,0,1,1,10011,575,3273.455830075225
1055,1,1,0,11360,575,2158.3820339992453
1056,2,2,0,10013,1600,10345.575662420664
1057,2,2,1,11201,1200,8880.648589277898
1058,2,2,1,11101,956,7560.185151504389
1059,2,1,0,10022,600,1576.4272822578741
1060,1,1,1,10069,676,2708.145797771538
1061,2,2,0,10019,1082,7912.850497638134
1062,1,1,0,10014,710,2590.591785008439
1063,2,1,0,10024,700,2082.537524904101
1064,5,3,1,10019,3500,22993.606896282494
1065,3,2,1,10011,1250,8415.984473876462
1066,1,1,1,10010,944,4657.654948502557
1067,2,1,0,10010,900,3373.9183896944824
1068,0,1,0,10014,500,2144.489139592839
1069,2,1,1,10024,1100,4617.228796549158
1070,2,1,0,10028,785,2538.7998842388615
1071,1,1,0,10019,600,2411.147560389645
1072,1,1,1,10005,791,3826.52998242359
1073,3,2,1,10028,800,5795.695857143781
1074,2,2,1,10036,1100,8165.168062008226
1075,3,1,0,10029,911,2476.678659934012
1076,0,1,0,10011,468,2353.9813786662326
1077,0,1,1,10005,438,2592.113325766497
1078,3,2,0,10065,1150,7329.833835295602
1079,2,1,0,11102,850,3032.5993248536415
1080,2,2,0,10016,920,6913.057671763025
1081,1,1,0,10024,580,2132.576564885244
1082,1,1,0,10023,1096,5124.913016972536
1083,0,1,1,11249,461,2587.535499460364
1084,1,1,1,10009,600,2736.6593750173424
1085,1,1,1,10024,600,2572.4473870773836
1086,2,1,1,10128,790,2826.190330657062
1087,2,2,1,10011,1324,9535.484480157253
1088,1,1,0,10022,710,2894.383962697362
1089,1,1,1,11432,800,3892.5653497572594
1090,1,1,1,11374,698,3338.482039037948
1091,1,1,0,10065,880,3708.3814886029086
1092,0,1,0,10003,450,2209.5947449033956
1093,0,1,1,10019,515,2983.7477034623853
1094,1,1,0,10022,695,2811.693681797905
1095,1,2,0,10075,800,6741.410528025222
1096,0,1,0,11238,1640,8847.69105719848
1097,1,2,0,10128,900,7370.6797616264175
1098,2,1,0,10022,250,-353.0126053961276
1099,2,1,1,10014,789,2644.149758228308
1100,1,1,0,10010,593,2393.0852611290593
1101,1,1,0,10014,710,2590.591785008439
1102,2,1,1,10013,1650,7394.677181555651
1103,3,2,1,11215,800,5734.116361666296
1104,3,2,0,10016,1000,6642.511216049994
1105,4,1,1,10031,1100,3066.841931542087
1106,4,3,1,10028,2321,17025.078918028004
1107,2,1,0,10025,630,1762.334342549284
1108,0,1,1,10019,527,3049.8999281819506
1109,2,2,1,11101,800,6700.206230150034
1110,1,1,0,10128,650,2436.3585484460655
1111,2,2,0,10128,1380,9305.207463232247
1112,1,1,0,10011,782,3373.4033049847367
1113,0,1,1,10014,520,2584.3599617849786
1114,2,1,0,10458,750,2354.066494870459
1115,0,1,0,10010,476,2459.6623572900953
1116,0,1,0,10003,450,2209.5947449033956
1117,2,1,0,10012,744,2062.356501505241
1118,2,1,0,10016,750,2419.7512900464426
1119,2,2,1,10001,1567,10953.067724999939
1120,3,2,0,10024,650,4651.4918329185075
1121,3,1,1,10033,1110,4190.69114642127
1122,1,1,1,10025,650,2913.7664519182254
1123,2,2,1,10013,1100,7918.850080098287
1124,1,1,0,10012,655,2283.2887886785957
1125,2,2,1,10010,1000,7810.953908206462
1126,3,2,0,10308,2400,14027.741491087585
1127,2,1,1,10011,967,4011.3059298941043
1128,0,1,0,10028,580,2831.8219529665485
1129,2,1,1,11225,800,2910.0542824795266
1130,1,1,1,10011,720,3361.2339249265096
1131,5,2,0,10009,1400,7527.0952914777245
1132,1,1,0,10036,697,2769.3501565040133
1133,1,1,0,10040,690,2521.391074127485
1134,3,3,0,10001,2362,17850.62407602424
1135,2,1,1,10016,895,3548.707786400726
1136,1,1,1,10005,500,2222.3385329741186
1137,0,1,0,10001,536,2806.844679681919
1138,0,1,1,10001,570,3323.89309738022
1139,3,2,0,11207,1320,8308.043349141106
1140,1,1,0,10028,710,2836.9097669183766
1141,2,1,1,10301,1000,4156.27685058642
1142,1,1,1,11209,700,3234.559018266571
1143,0,1,0,10017,560,2467.03966379367
1144,1,1,1,11101,1000,4958.154731130198
1145,0,1,1,11432,547,3209.4172324298816
1146,0,1,0,10003,580,2926.2438460320245
1147,1,1,1,11101,627,2901.923079430362
1148,1,1,1,11375,750,3501.98268853443
1149,2,2,0,10013,930,6652.076448911575
1150,1,1,0,10128,750,2987.6270877757797
1151,3,3,0,10022,2016,15783.128241701968
1152,1,1,0,10011,690,2866.2362488013987
1153,1,1,0,10303,716,2783.774585609681
1154,3,1,0,10306,1755,6846.119452680376
1155,2,1,0,10014,900,2926.4407225580944
1156,3,2,1,10019,1100,7630.1346618668795
1157,1,1,1,10001,520,2336.69754053856
1158,3,1,0,11413,1026,3020.3208867962057
1159,2,2,0,10028,790,6122.513176061413
1160,3,1,0,10016,1000,3086.3613511939275
1161,0,1,1,10075,450,2296.999177018153
1162,3,2,0,10009,900,6193.875169182753
1163,1,1,0,10452,675,2676.808175740968
1164,1,1,1,10010,944,4657.654948502557
1165,2,2,0,10016,1118,8004.569379635859
1166,2,1,0,11358,800,2408.0145808163725
1167,2,1,0,10016,700,2144.1170203815855
1168,1,1,0,10128,654,2458.4092900192536
1169,5,2,0,10312,1200,6141.292533621867
1170,1,1,0,10016,710,2910.8051614913584
1171,2,1,0,10014,746,2077.487171990335
1172,0,1,1,10036,650,3551.4323445220452
1173,3,1,0,10302,1144,3461.447478581822
1174,2,1,1,10025,600,1926.5708950765656
1175,1,1,1,10128,800,3592.878471766835
1176,2,1,1,11222,800,2988.0549767510065
1177,3,3,1,10027,1810,14866.289073149477
1178,3,1,0,10001,2500,11499.074930587114
1179,3,1,0,10028,968,2836.060024035438
1180,0,1,1,11375,578,3265.362088064123
1181,1,1,1,11226,700,3037.504632738621
1182,1,1,0,10023,500,1839.3525225674348
1183,1,1,0,10069,825,3199.918807046617
1184,1,1,0,10012,500,1428.8225527175382
1185,1,1,0,10028,700,2781.7829129854053
1186,3,3,0,11231,1876,15072.931782117848
1187,0,1,0,10016,580,2905.7173475395302
1188,2,1,0,10461,2120,10062.446872230514
1189,0,1,1,10065,600,3206.0079799827054
1190,0,1,1,10019,398,2338.7635124466187
1191,3,2,0,10128,1250,7876.997074926818
1192,1,1,0,10011,650,2645.728833069513
1193,3,1,0,11228,1000,2774.358574108006
1194,4,2,1,11222,1350,8153.059233566901
1195,2,2,0,10016,920,6913.057671763025
1196,1,1,0,10016,540,1973.6486446308427
1197,3,1,0,10009,1050,3464.6281133212597
1198,1,1,0,10128,875,3676.7127619379235
1199,3,2,0,10021,2008,12121.297398222037
1200,1,1,0,10075,690,2578.8652699064705
1201,0,1,0,10010,580,3032.9816381929977
1202,3,1,0,10036,750,1638.3999079951582
1203,4,4,1,10011,4144,30770.43444461374
1204,0,1,0,10022,560,2779.0424408795916
1205,2,2,1,10026,1064,7687.551008351598
1206,0,1,0,10454,400,1502.9040068961467
1207,0,2,0,11249,1200,9887.942755636825
1208,1,1,0,10009,610,2462.1691146241174
1209,3,1,1,11385,850,2539.8120601435658
1210,2,1,1,10024,1400,6271.034414538301
1211,0,1,0,10009,540,2787.8424242701185
1212,3,2,0,10022,1000,6626.090017255998
1213,0,1,0,10028,580,2831.8219529665485
1214,2,2,1,11101,953,7543.647095324497
1215,1,1,1,11692,659,2934.6435225684063
1216,4,2,0,11385,1200,6984.223411150635
1217,1,1,0,10128,568,1984.3183461956996
1218,2,1,1,10040,850,3021.476564204425
1219,0,1,1,10014,544,2716.66441122411
1220,2,1,0,10462,896,3195.8662595783335
1221,1,1,0,10128,508,1653.5572225978704
1222,1,1,0,10128,558,1929.1914922627275
1223,3,2,1,10024,1451,9396.76994727572
1224,3,3,1,10128,2492,18609.51931258414
1225,1,1,1,10023,720,3381.760423419004
1226,2,2,0,10019,1000,7460.810295387768
1227,0,2,0,10014,717,6896.891734794386
1228,2,1,1,10009,750,2852.000896835114
1229,2,1,0,10018,880,3218.5063851450514
1230,0,1,0,10462,500,2435.965418186265
1231,1,1,0,10128,1004,4387.849177673255
1232,8,6,1,10471,9856,66151.36571956857
1233,2,1,0,10029,3995,20189.36170003922
1234,1,1,0,10040,650,2300.883658395599
1235,1,2,0,10128,600,5716.874143637273
1236,2,2,1,10014,1474,9976.489117492922
1237,1,1,1,10010,917,4508.812442883534
1238,3,2,0,10022,1700,10484.969792564001
1239,1,2,0,10014,672,5937.2596049192125
